{
  "N=200": {
    "cueq_out": {
      "median_ms": 0.5515569999996472,
      "min_ms": 0.5345359999999744,
      "max_ms": 0.5630570000008106,
      "mean_ms": 0.5505257500001193
    },
    "cueq_in": {
      "median_ms": 0.5351400000002116,
      "min_ms": 0.528485000000245,
      "max_ms": 0.5516939999985482,
      "mean_ms": 0.5359542499999925
    },
    "cueq_total": {
      "median_ms": 1.0866969999998588
    },
    "dense_bf16_out": {
      "median_ms": 0.6661679999986347,
      "min_ms": 0.6637920000009956,
      "max_ms": 0.6689519999998339,
      "mean_ms": 0.6660637499999567
    },
    "dense_bf16_in": {
      "median_ms": 0.6656510000002669,
      "min_ms": 0.662673999999086,
      "max_ms": 0.6672309999995463,
      "mean_ms": 0.665513249999794
    },
    "dense_bf16_total": {
      "median_ms": 1.3318189999989016
    },
    "sparse_W32_out": {
      "median_ms": 0.5190430000006074,
      "min_ms": 0.5163339999985084,
      "max_ms": 0.5212060000001628,
      "mean_ms": 0.5190547000000656
    },
    "sparse_W32_in": {
      "median_ms": 0.5199869999987783,
      "min_ms": 0.5172110000000174,
      "max_ms": 0.52215000000011,
      "mean_ms": 0.5196757999999413
    },
    "sparse_W32_total": {
      "median_ms": 1.0390299999993857
    },
    "sparse_W64_out": {
      "median_ms": 0.5499899999996671,
      "min_ms": 0.5480560000012957,
      "max_ms": 0.5506940000010729,
      "mean_ms": 0.5497814500003528
    },
    "sparse_W64_in": {
      "median_ms": 0.5496909999997968,
      "min_ms": 0.5479539999999616,
      "max_ms": 0.5509490000008554,
      "mean_ms": 0.5495408499999854
    },
    "sparse_W64_total": {
      "median_ms": 1.099680999999464
    },
    "sparse_W128_out": {
      "median_ms": 0.6294530000001686,
      "min_ms": 0.6271889999993618,
      "max_ms": 0.6308019999998749,
      "mean_ms": 0.6293587000000045
    },
    "sparse_W128_in": {
      "median_ms": 0.629307000000523,
      "min_ms": 0.6270960000005488,
      "max_ms": 0.6335939999999596,
      "mean_ms": 0.6297394000000622
    },
    "sparse_W128_total": {
      "median_ms": 1.2587600000006915
    }
  },
  "N=400": {
    "cueq_out": {
      "median_ms": 2.1724629999990697,
      "min_ms": 2.163522000000029,
      "max_ms": 2.1843079999985804,
      "mean_ms": 2.1735035499997224
    },
    "cueq_in": {
      "median_ms": 2.138418000001252,
      "min_ms": 2.129391999998731,
      "max_ms": 2.1527179999996093,
      "mean_ms": 2.1391753499997
    },
    "cueq_total": {
      "median_ms": 4.310881000000322
    },
    "dense_bf16_out": {
      "median_ms": 4.1929050000000245,
      "min_ms": 4.171499000001688,
      "max_ms": 4.274824000001232,
      "mean_ms": 4.200106050000141
    },
    "dense_bf16_in": {
      "median_ms": 4.2407820000001095,
      "min_ms": 4.2266690000012375,
      "max_ms": 4.253602999998662,
      "mean_ms": 4.240788800000317
    },
    "dense_bf16_total": {
      "median_ms": 8.433687000000134
    },
    "sparse_W32_out": {
      "median_ms": 3.2557610000001347,
      "min_ms": 3.2447280000003076,
      "max_ms": 3.26883099999975,
      "mean_ms": 3.255387799999898
    },
    "sparse_W32_in": {
      "median_ms": 3.2540710000006356,
      "min_ms": 3.2444750000006906,
      "max_ms": 3.2673430000009773,
      "mean_ms": 3.2539339999999584
    },
    "sparse_W32_total": {
      "median_ms": 6.50983200000077
    },
    "sparse_W64_out": {
      "median_ms": 3.3743870000009224,
      "min_ms": 3.367184000000023,
      "max_ms": 3.3826529999991806,
      "mean_ms": 3.374155599999984
    },
    "sparse_W64_in": {
      "median_ms": 3.375398000001084,
      "min_ms": 3.366578999999703,
      "max_ms": 3.3855730000009743,
      "mean_ms": 3.3761610500000927
    },
    "sparse_W64_total": {
      "median_ms": 6.7497850000020065
    },
    "sparse_W128_out": {
      "median_ms": 3.555371999999224,
      "min_ms": 3.543797000000737,
      "max_ms": 3.5771770000003755,
      "mean_ms": 3.5558257999998233
    },
    "sparse_W128_in": {
      "median_ms": 3.5595829999994777,
      "min_ms": 3.5472090000006062,
      "max_ms": 3.5698859999993005,
      "mean_ms": 3.558280550000159
    },
    "sparse_W128_total": {
      "median_ms": 7.114954999998702
    },
    "sparse_W256_out": {
      "median_ms": 4.052515999999784,
      "min_ms": 4.042112000000486,
      "max_ms": 4.071643999999708,
      "mean_ms": 4.051881999999907
    },
    "sparse_W256_in": {
      "median_ms": 4.05461399999929,
      "min_ms": 4.045655999998843,
      "max_ms": 4.0759320000010035,
      "mean_ms": 4.056430549999934
    },
    "sparse_W256_total": {
      "median_ms": 8.107129999999074
    }
  },
  "N=600": {
    "cueq_out": {
      "median_ms": 5.000676999999953,
      "min_ms": 4.946879000000237,
      "max_ms": 5.01344499999945,
      "mean_ms": 4.986084549999781
    },
    "cueq_in": {
      "median_ms": 4.962908999999627,
      "min_ms": 4.944660999999684,
      "max_ms": 4.974062000000501,
      "mean_ms": 4.961093199999933
    },
    "cueq_total": {
      "median_ms": 9.96358599999958
    },
    "dense_bf16_out": {
      "median_ms": 11.287929999999946,
      "min_ms": 11.272014999999413,
      "max_ms": 11.358143000000709,
      "mean_ms": 11.291768999999974
    },
    "dense_bf16_in": {
      "median_ms": 11.320932000000283,
      "min_ms": 11.297362000000533,
      "max_ms": 11.35365200000038,
      "mean_ms": 11.31992685000025
    },
    "dense_bf16_total": {
      "median_ms": 22.60886200000023
    },
    "sparse_W32_out": {
      "median_ms": 8.771088999999677,
      "min_ms": 8.750993999999679,
      "max_ms": 8.791612999999643,
      "mean_ms": 8.77247755000008
    },
    "sparse_W32_in": {
      "median_ms": 8.77706300000014,
      "min_ms": 8.750905000001197,
      "max_ms": 8.800917000000297,
      "mean_ms": 8.77633245000009
    },
    "sparse_W32_total": {
      "median_ms": 17.548151999999817
    },
    "sparse_W64_out": {
      "median_ms": 8.900635999999906,
      "min_ms": 8.88139699999968,
      "max_ms": 8.91720699999965,
      "mean_ms": 8.899340500000097
    },
    "sparse_W64_in": {
      "median_ms": 8.903564999998892,
      "min_ms": 8.882871000000847,
      "max_ms": 8.921875000000412,
      "mean_ms": 8.902292050000149
    },
    "sparse_W64_total": {
      "median_ms": 17.8042009999988
    },
    "sparse_W128_out": {
      "median_ms": 9.276976000000658,
      "min_ms": 9.270328999999577,
      "max_ms": 9.29402699999926,
      "mean_ms": 9.278891099999953
    },
    "sparse_W128_in": {
      "median_ms": 9.285211999999987,
      "min_ms": 9.260273000000652,
      "max_ms": 9.30306799999947,
      "mean_ms": 9.282901549999778
    },
    "sparse_W128_total": {
      "median_ms": 18.562188000000646
    },
    "sparse_W256_out": {
      "median_ms": 10.059329000000616,
      "min_ms": 10.032995999999628,
      "max_ms": 10.083805000000723,
      "mean_ms": 10.05854649999991
    },
    "sparse_W256_in": {
      "median_ms": 10.055106999999452,
      "min_ms": 10.038842000000159,
      "max_ms": 10.082008000001252,
      "mean_ms": 10.057230949999862
    },
    "sparse_W256_total": {
      "median_ms": 20.11443600000007
    }
  }
}