{
  "cueq_out": {
    "median_ms": 5.062500999999386,
    "min_ms": 4.9470539999987295,
    "max_ms": 5.19920800000051,
    "mean_ms": 5.048286299999974
  },
  "cueq_in": {
    "median_ms": 4.931452000001002,
    "min_ms": 4.906801000000627,
    "max_ms": 4.950984999998909,
    "mean_ms": 4.929159566666523
  },
  "cueq_total": 9.993953000000388,
  "sparse_W64_uncompiled_out": {
    "median_ms": 8.897023999999476,
    "min_ms": 8.877367000000191,
    "max_ms": 8.924502000001056,
    "mean_ms": 8.897293200000139
  },
  "sparse_W64_uncompiled_in": {
    "median_ms": 8.896649000000423,
    "min_ms": 8.86952799999996,
    "max_ms": 8.912891999999673,
    "mean_ms": 8.896740333333438
  },
  "sparse_W64_compiled_out": {
    "median_ms": 3.149116000003005,
    "min_ms": 3.1320170000022074,
    "max_ms": 3.163059000002022,
    "mean_ms": 3.148848066666806
  },
  "sparse_W64_compiled_in": {
    "median_ms": 3.1462169999976197,
    "min_ms": 3.135999000001277,
    "max_ms": 3.166459999999205,
    "mean_ms": 3.1471465000001566
  },
  "sparse_W64_compiled_total": 6.295333000000625,
  "sparse_W128_uncompiled_out": {
    "median_ms": 9.28045999999938,
    "min_ms": 9.262187000000921,
    "max_ms": 9.29722000000055,
    "mean_ms": 9.279256133333885
  },
  "sparse_W128_uncompiled_in": {
    "median_ms": 9.282580000000706,
    "min_ms": 9.264556000001534,
    "max_ms": 9.302920999999742,
    "mean_ms": 9.284183766666606
  },
  "sparse_W128_compiled_out": {
    "median_ms": 3.3697970000012845,
    "min_ms": 3.3559010000026035,
    "max_ms": 3.389358999999814,
    "mean_ms": 3.3706998666662713
  },
  "sparse_W128_compiled_in": {
    "median_ms": 3.376681999998965,
    "min_ms": 3.361845000000585,
    "max_ms": 3.388316999998864,
    "mean_ms": 3.375309733333154
  },
  "sparse_W128_compiled_total": 6.7464790000002495,
  "sparse_W256_uncompiled_out": {
    "median_ms": 10.053434000003136,
    "min_ms": 10.027781999998098,
    "max_ms": 10.071632999999025,
    "mean_ms": 10.053206466666492
  },
  "sparse_W256_uncompiled_in": {
    "median_ms": 10.063341999998698,
    "min_ms": 10.031388000001584,
    "max_ms": 10.096811000000372,
    "mean_ms": 10.060780266667043
  },
  "sparse_W256_compiled_out": {
    "median_ms": 3.8854189999995015,
    "min_ms": 3.8744850000007602,
    "max_ms": 3.9124829999970245,
    "mean_ms": 3.887410100000347
  },
  "sparse_W256_compiled_in": {
    "median_ms": 3.8894979999994916,
    "min_ms": 3.875070999999508,
    "max_ms": 3.9178699999986577,
    "mean_ms": 3.889797833333238
  },
  "sparse_W256_compiled_total": 7.774916999998993,
  "dense_bf16_compiled_out": {
    "median_ms": 5.568853999999845,
    "min_ms": 5.551197999999147,
    "max_ms": 5.605290000001872,
    "mean_ms": 5.572604866666708
  },
  "dense_bf16_compiled_in": {
    "median_ms": 5.572882999999251,
    "min_ms": 5.550768999999178,
    "max_ms": 5.609025000001822,
    "mean_ms": 5.574537699999975
  },
  "dense_bf16_compiled_total": 11.141736999999097
}