{
  "N=200": {
    "dense_out_fp32": {
      "median_ms": 0.6526090000003038,
      "min_ms": 0.6488950000003157,
      "max_ms": 0.6544669999994923,
      "mean_ms": 0.6523274500001897
    },
    "dense_in_fp32": {
      "median_ms": 0.6512389999997481,
      "min_ms": 0.6492350000000258,
      "max_ms": 0.6531719999998131,
      "mean_ms": 0.6512128499999381
    },
    "kernel_out": {
      "median_ms": 0.5636290000001765,
      "min_ms": 0.5364049999982967,
      "max_ms": 0.5992299999988404,
      "mean_ms": 0.5627699000000597
    },
    "kernel_in": {
      "median_ms": 0.555712999998903,
      "min_ms": 0.5373419999994411,
      "max_ms": 0.5823910000000154,
      "mean_ms": 0.5562996999999292
    },
    "einsum_out_fp32": {
      "median_ms": 0.19732300000008252,
      "min_ms": 0.19551000000106455,
      "max_ms": 0.19978999999992197,
      "mean_ms": 0.1973055499997045
    },
    "einsum_out_bf16": {
      "median_ms": 0.18734900000083599,
      "min_ms": 0.18679099999907578,
      "max_ms": 0.19170300000048712,
      "mean_ms": 0.1877243000003581
    },
    "sparse_window_W32_out_bf16": {
      "median_ms": 0.1561789999993124,
      "min_ms": 0.15124699999979896,
      "max_ms": 0.17128400000032684,
      "mean_ms": 0.1572284999999063
    },
    "sparse_window_W64_out_bf16": {
      "median_ms": 0.17723100000033298,
      "min_ms": 0.1719359999992065,
      "max_ms": 0.18836499999963507,
      "mean_ms": 0.17772154999988743
    },
    "sparse_window_W128_out_bf16": {
      "median_ms": 0.21475600000009365,
      "min_ms": 0.21255200000069863,
      "max_ms": 0.219682000000887,
      "mean_ms": 0.21501864999970977
    },
    "masked_W64_out_bf16": {
      "median_ms": 0.22749699999913275,
      "min_ms": 0.22588299999881656,
      "max_ms": 0.23236300000029075,
      "mean_ms": 0.2276855500000785
    },
    "bmm_out_bf16": {
      "median_ms": 0.18430700000138245,
      "min_ms": 0.18383899999996345,
      "max_ms": 0.18461500000022113,
      "mean_ms": 0.18429105000015156
    }
  },
  "N=400": {
    "dense_out_fp32": {
      "median_ms": 3.7078289999996628,
      "min_ms": 3.6951310000006288,
      "max_ms": 3.7140680000007364,
      "mean_ms": 3.706264550000249
    },
    "dense_in_fp32": {
      "median_ms": 3.7788780000003186,
      "min_ms": 3.764611000001139,
      "max_ms": 3.7896569999986696,
      "mean_ms": 3.777875550000065
    },
    "kernel_out": {
      "median_ms": 1.097960999999259,
      "min_ms": 1.0897639999996045,
      "max_ms": 1.1062900000009535,
      "mean_ms": 1.0980091000001302
    },
    "kernel_in": {
      "median_ms": 1.0928830000001,
      "min_ms": 1.0838269999986494,
      "max_ms": 1.108061000000049,
      "mean_ms": 1.0933811999998433
    },
    "einsum_out_fp32": {
      "median_ms": 0.967843999999829,
      "min_ms": 0.963580000000519,
      "max_ms": 0.9736339999992794,
      "mean_ms": 0.9679200499999041
    },
    "einsum_out_bf16": {
      "median_ms": 0.7998559999986554,
      "min_ms": 0.7969239999994215,
      "max_ms": 0.8011439999986436,
      "mean_ms": 0.7997672499997499
    },
    "sparse_window_W32_out_bf16": {
      "median_ms": 0.1926250000003904,
      "min_ms": 0.18630900000005113,
      "max_ms": 0.19962799999895253,
      "mean_ms": 0.19330479999997152
    },
    "sparse_window_W64_out_bf16": {
      "median_ms": 0.22325299999970127,
      "min_ms": 0.22146799999944733,
      "max_ms": 0.23169500000008725,
      "mean_ms": 0.2238648999999704
    },
    "sparse_window_W128_out_bf16": {
      "median_ms": 0.31750200000146833,
      "min_ms": 0.31444000000036,
      "max_ms": 0.3212740000009262,
      "mean_ms": 0.3173955000001172
    },
    "sparse_window_W256_out_bf16": {
      "median_ms": 0.5864250000016114,
      "min_ms": 0.5835810000007768,
      "max_ms": 0.5937740000003799,
      "mean_ms": 0.5866913000004637
    },
    "masked_W64_out_bf16": {
      "median_ms": 0.9119940000008597,
      "min_ms": 0.9066969999995678,
      "max_ms": 0.9149260000000936,
      "mean_ms": 0.9113778999998878
    },
    "bmm_out_bf16": {
      "median_ms": 0.7971500000003573,
      "min_ms": 0.7954669999996611,
      "max_ms": 0.7991189999998483,
      "mean_ms": 0.797041350000427
    }
  },
  "N=600": {
    "dense_out_fp32": {
      "median_ms": 9.974484000000672,
      "min_ms": 9.951615999998609,
      "max_ms": 9.984054000000242,
      "mean_ms": 9.971883399999903
    },
    "dense_in_fp32": {
      "median_ms": 10.012002999999936,
      "min_ms": 10.000003000000035,
      "max_ms": 10.031015999999227,
      "mean_ms": 10.012598850000032
    },
    "kernel_out": {
      "median_ms": 2.7322059999992376,
      "min_ms": 2.714242999999783,
      "max_ms": 2.7456479999994343,
      "mean_ms": 2.730540999999853
    },
    "kernel_in": {
      "median_ms": 2.699518000000012,
      "min_ms": 2.692498000000043,
      "max_ms": 2.7040370000008807,
      "mean_ms": 2.6992024000000114
    },
    "einsum_out_fp32": {
      "median_ms": 2.514566000000329,
      "min_ms": 2.5084429999999713,
      "max_ms": 2.5219950000003877,
      "mean_ms": 2.5143828500000964
    },
    "einsum_out_bf16": {
      "median_ms": 2.0552659999992784,
      "min_ms": 2.050603000000706,
      "max_ms": 2.0614049999991835,
      "mean_ms": 2.0556153000000243
    },
    "sparse_window_W32_out_bf16": {
      "median_ms": 0.2710540000006034,
      "min_ms": 0.26714200000022004,
      "max_ms": 0.2761270000011251,
      "mean_ms": 0.27101069999995175
    },
    "sparse_window_W64_out_bf16": {
      "median_ms": 0.31205400000011707,
      "min_ms": 0.31002500000099076,
      "max_ms": 0.31706300000067245,
      "mean_ms": 0.31272800000001766
    },
    "sparse_window_W128_out_bf16": {
      "median_ms": 0.49324399999939317,
      "min_ms": 0.49117700000067543,
      "max_ms": 0.49673500000047,
      "mean_ms": 0.4934413000000859
    },
    "sparse_window_W256_out_bf16": {
      "median_ms": 0.9004170000004308,
      "min_ms": 0.8960170000005263,
      "max_ms": 0.9025029999989442,
      "mean_ms": 0.899425750000038
    },
    "masked_W64_out_bf16": {
      "median_ms": 2.2941069999991015,
      "min_ms": 2.291122999999118,
      "max_ms": 2.3000450000001393,
      "mean_ms": 2.2940305499998814
    },
    "bmm_out_bf16": {
      "median_ms": 2.054344999999458,
      "min_ms": 2.049469000001025,
      "max_ms": 2.059285999999716,
      "mean_ms": 2.0541497000000852
    }
  }
}