{
  "phase1_step_sweep": [
    {
      "config": {
        "sampling_steps": 100,
        "recycling_steps": 3,
        "matmul_precision": "highest",
        "compile_pairformer": false,
        "compile_structure": false,
        "compile_confidence": false,
        "compile_msa": false,
        "diffusion_samples": 1,
        "seed": 42
      },
      "num_runs": 1,
      "per_complex": [
        {
          "name": "small_complex",
          "wall_time_s": 99.609484908,
          "quality": {
            "confidence_score": 0.8023554682731628,
            "ptm": 0.7904418110847473,
            "iptm": 0.7129320502281189,
            "ligand_iptm": 0.0,
            "protein_iptm": 0.7129320502281189,
            "complex_plddt": 0.8247113227844238,
            "complex_iplddt": 0.7889097929000854,
            "complex_pde": 1.0342271327972412,
            "complex_ipde": 4.315040111541748
          },
          "error": null,
          "run_times": [
            99.609484908
          ]
        },
        {
          "name": "medium_complex",
          "wall_time_s": 58.267610868999995,
          "quality": {
            "confidence_score": 0.47134533524513245,
            "ptm": 0.4649243652820587,
            "iptm": 0.45407766103744507,
            "ligand_iptm": 0.0,
            "protein_iptm": 0.45407766103744507,
            "complex_plddt": 0.4756622612476349,
            "complex_iplddt": 0.4835853576660156,
            "complex_pde": 2.799551248550415,
            "complex_ipde": 9.043787956237793
          },
          "error": null,
          "run_times": [
            58.267610868999995
          ]
        },
        {
          "name": "large_complex",
          "wall_time_s": 79.00170939200001,
          "quality": {
            "confidence_score": 0.6750482320785522,
            "ptm": 0.3658345341682434,
            "iptm": 0.11645106971263885,
            "ligand_iptm": 0.0,
            "protein_iptm": 0.11645106971263885,
            "complex_plddt": 0.8146975040435791,
            "complex_iplddt": 0.7734245657920837,
            "complex_pde": 1.1157013177871704,
            "complex_ipde": 16.515262603759766
          },
          "error": null,
          "run_times": [
            79.00170939200001
          ]
        }
      ],
      "aggregate": {
        "num_successful": 3,
        "total_wall_time_s": 236.878805169,
        "mean_wall_time_s": 78.959601723,
        "mean_plddt": 0.7050236960252126,
        "mean_iptm": 0.4278202603260676,
        "speedup": 0.8912226623288787,
        "plddt_delta_pp": -0.5648185809453254,
        "passes_quality_gate": true
      }
    },
    {
      "config": {
        "sampling_steps": 50,
        "recycling_steps": 3,
        "matmul_precision": "highest",
        "compile_pairformer": false,
        "compile_structure": false,
        "compile_confidence": false,
        "compile_msa": false,
        "diffusion_samples": 1,
        "seed": 42
      },
      "num_runs": 1,
      "per_complex": [
        {
          "name": "small_complex",
          "wall_time_s": 91.011878933,
          "quality": {
            "confidence_score": 0.8280469179153442,
            "ptm": 0.8379372954368591,
            "iptm": 0.8092384338378906,
            "ligand_iptm": 0.0,
            "protein_iptm": 0.8092384338378906,
            "complex_plddt": 0.8327490091323853,
            "complex_iplddt": 0.7961758971214294,
            "complex_pde": 0.9939206838607788,
            "complex_ipde": 4.025613307952881
          },
          "error": null,
          "run_times": [
            91.011878933
          ]
        },
        {
          "name": "medium_complex",
          "wall_time_s": 53.236095014,
          "quality": {
            "confidence_score": 0.49038106203079224,
            "ptm": 0.5479704737663269,
            "iptm": 0.5219880938529968,
            "ligand_iptm": 0.0,
            "protein_iptm": 0.5219880938529968,
            "complex_plddt": 0.4824793040752411,
            "complex_iplddt": 0.47161436080932617,
            "complex_pde": 2.5741021633148193,
            "complex_ipde": 7.307971477508545
          },
          "error": null,
          "run_times": [
            53.236095014
          ]
        },
        {
          "name": "large_complex",
          "wall_time_s": 70.729371576,
          "quality": {
            "confidence_score": 0.684100329875946,
            "ptm": 0.4311111569404602,
            "iptm": 0.1896030306816101,
            "ligand_iptm": 0.0,
            "protein_iptm": 0.1896030306816101,
            "complex_plddt": 0.8077245950698853,
            "complex_iplddt": 0.7585592865943909,
            "complex_pde": 1.017377495765686,
            "complex_ipde": 15.525101661682129
          },
          "error": null,
          "run_times": [
            70.729371576
          ]
        }
      ],
      "aggregate": {
        "num_successful": 3,
        "total_wall_time_s": 214.977345523,
        "mean_wall_time_s": 71.65911517433334,
        "mean_plddt": 0.7076509694258372,
        "mean_iptm": 0.5069431861241659,
        "speedup": 0.9820186349329237,
        "plddt_delta_pp": -0.30209124088287354,
        "passes_quality_gate": true
      }
    },
    {
      "config": {
        "sampling_steps": 20,
        "recycling_steps": 3,
        "matmul_precision": "highest",
        "compile_pairformer": false,
        "compile_structure": false,
        "compile_confidence": false,
        "compile_msa": false,
        "diffusion_samples": 1,
        "seed": 42
      },
      "num_runs": 1,
      "per_complex": [
        {
          "name": "small_complex",
          "wall_time_s": 89.138231364,
          "quality": {
            "confidence_score": 0.8159412741661072,
            "ptm": 0.8455373048782349,
            "iptm": 0.7766762971878052,
            "ligand_iptm": 0.0,
            "protein_iptm": 0.7766762971878052,
            "complex_plddt": 0.8257575035095215,
            "complex_iplddt": 0.7904736399650574,
            "complex_pde": 0.815786600112915,
            "complex_ipde": 3.1589972972869873
          },
          "error": null,
          "run_times": [
            89.138231364
          ]
        },
        {
          "name": "medium_complex",
          "wall_time_s": 58.64054447000001,
          "quality": {
            "confidence_score": 0.4275376498699188,
            "ptm": 0.4066968858242035,
            "iptm": 0.18809044361114502,
            "ligand_iptm": 0.0,
            "protein_iptm": 0.18809044361114502,
            "complex_plddt": 0.48739945888519287,
            "complex_iplddt": 0.4787827432155609,
            "complex_pde": 2.9029219150543213,
            "complex_ipde": 10.573675155639648
          },
          "error": null,
          "run_times": [
            58.64054447000001
          ]
        },
        {
          "name": "large_complex",
          "wall_time_s": 75.53451393,
          "quality": {
            "confidence_score": 0.7079107165336609,
            "ptm": 0.3972952961921692,
            "iptm": 0.3182118833065033,
            "ligand_iptm": 0.0,
            "protein_iptm": 0.3182118833065033,
            "complex_plddt": 0.8053354620933533,
            "complex_iplddt": 0.7323779463768005,
            "complex_pde": 0.9738251566886902,
            "complex_ipde": 13.203411102294922
          },
          "error": null,
          "run_times": [
            75.53451393
          ]
        }
      ],
      "aggregate": {
        "num_successful": 3,
        "total_wall_time_s": 223.31328976400002,
        "mean_wall_time_s": 74.43776325466668,
        "mean_plddt": 0.7061641414960226,
        "mean_iptm": 0.4276595413684845,
        "speedup": 0.9453613782462531,
        "plddt_delta_pp": -0.4507740338643318,
        "passes_quality_gate": true
      }
    },
    {
      "config": {
        "sampling_steps": 10,
        "recycling_steps": 3,
        "matmul_precision": "highest",