{
  "0": {
    "mean_wall_time": 106.17916120733334,
    "mean_predict_time": 7.469138084444445,
    "mean_plddt": 0.7258060309622024,
    "speedup": 0.5044930143502306,
    "plddt_delta_pp": 0.8825692865583767,
    "passes_quality_gate": true,
    "per_complex": {
      "small_complex": {
        "wall_times": [
          96.085253341,
          95.088571403,
          98.92756499000001
        ],
        "predict_times": [
          3.051797143999991,
          3.092896695999997,
          3.3089352829999967
        ],
        "mean_wall_time": 96.70046324466666,
        "mean_predict_time": 3.1512097076666614,
        "plddts": [
          0.8594084978103638,
          0.8876267075538635,
          0.907920777797699
        ],
        "mean_plddt": 0.8849853277206421,
        "mean_iptm": 0.8939130504926046
      },
      "medium_complex": {
        "wall_times": [
          95.85242592499999,
          110.758551961,
          115.502977373
        ],
        "predict_times": [
          7.744326694000009,
          7.696761034000005,
          7.565435148000006
        ],
        "mean_wall_time": 107.37131841966668,
        "mean_predict_time": 7.6688409586666735,
        "plddts": [
          0.47693580389022827,
          0.4647223949432373,
          0.4771738052368164
        ],
        "mean_plddt": 0.4729440013567607,
        "mean_iptm": 0.167651837070783
      },
      "large_complex": {
        "wall_times": [
          116.956332436,
          120.858751281,
          105.582022156
        ],
        "predict_times": [
          11.408206611000011,
          11.503299009999992,
          11.850585139999993
        ],
        "mean_wall_time": 114.46570195766667,
        "mean_predict_time": 11.587363586999999,
        "plddts": [
          0.8195617198944092,
          0.818660318851471,
          0.8202442526817322
        ],
        "mean_plddt": 0.8194887638092041,
        "mean_iptm": 0.10530362278223038
      }
    }
  },
  "1": {
    "mean_wall_time": 112.70284039366668,
    "mean_predict_time": 9.801618602333326,
    "mean_plddt": 0.7187478972805871,
    "speedup": 0.4752909945442408,
    "plddt_delta_pp": 0.17675591839684257,
    "passes_quality_gate": true,
    "per_complex": {
      "small_complex": {
        "wall_times": [
          95.887554131,
          94.222445694,
          95.274614055
        ],
        "predict_times": [
          3.4579841949999945,
          3.5359844359999926,
          3.541247022999997
        ],
        "mean_wall_time": 95.12820462666666,
        "mean_predict_time": 3.511738551333328,
        "plddts": [
          0.8727651834487915,
          0.8448103666305542,
          0.8442800641059875
        ],
        "mean_plddt": 0.8539518713951111,
        "mean_iptm": 0.7926637530326843
      },
      "medium_complex": {
        "wall_times": [
          110.663217583,
          113.940100899,
          134.649462475
        ],
        "predict_times": [
          9.023459868999993,
          9.283354684000003,
          9.162429099999983
        ],
        "mean_wall_time": 119.75092698566668,
        "mean_predict_time": 9.156414550999992,
        "plddts": [
          0.49354907870292664,
          0.48326602578163147,
          0.4870896637439728
        ],
        "mean_plddt": 0.48796825607617694,
        "mean_iptm": 0.16972673932711282
      },
      "large_complex": {
        "wall_times": [
          122.008133279,
          125.192378204,
          122.487657223
        ],
        "predict_times": [
          16.348969837999988,
          16.748188663999997,
          17.112949611999994
        ],
        "mean_wall_time": 123.22938956866666,
        "mean_predict_time": 16.73670270466666,
        "plddts": [
          0.8122982382774353,
          0.8153151273727417,
          0.8153573274612427
        ],
        "mean_plddt": 0.8143235643704733,
        "mean_iptm": 0.1089230552315712
      }
    }
  },
  "2": {
    "mean_wall_time": 114.32296607422222,
    "mean_predict_time": 12.554481270444446,
    "mean_plddt": 0.7180126839213901,
    "speedup": 0.4685554174993102,
    "plddt_delta_pp": 0.10323458247714079,
    "passes_quality_gate": true,
    "per_complex": {
      "small_complex": {
        "wall_times": [
          94.73982396400001,
          101.075722435,
          97.875488779
        ],
        "predict_times": [
          4.3805137359999975,
          4.461862933000006,
          3.9288628620000026
        ],
        "mean_wall_time": 97.897011726,
        "mean_predict_time": 4.257079843666669,
        "plddts": [
          0.8480170965194702,
          0.8482553362846375,
          0.8636042475700378
        ],
        "mean_plddt": 0.8532922267913818,
        "mean_iptm": 0.7667225003242493
      },
      "medium_complex": {
        "wall_times": [
          119.939301002,
          112.817165488,
          113.884977857
        ],
        "predict_times": [
          12.60212661300001,
          12.277630822999996,
          11.233063986999994
        ],
        "mean_wall_time": 115.54714811566664,
        "mean_predict_time": 12.037607141,
        "plddts": [
          0.4944332242012024,
          0.4867454767227173,
          0.49426984786987305
        ],
        "mean_plddt": 0.4918161829312642,
        "mean_iptm": 0.22805833319822946
      },
      "large_complex": {
        "wall_times": [
          130.676951137,
          132.236924719,
          125.660339287
        ],
        "predict_times": [
          21.369830569,
          21.42577677499999,
          21.310663136000002
        ],
        "mean_wall_time": 129.524738381,
        "mean_predict_time": 21.368756826666665,
        "plddts": [
          0.8050628900527954,
          0.8113898038864136,
          0.8103362321853638
        ],
        "mean_plddt": 0.8089296420415243,
        "mean_iptm": 0.12432544430096944
      }
    }
  },
  "3": {
    "mean_wall_time": 92.20150000922222,
    "mean_predict_time": 15.058790520222225,
    "mean_plddt": 0.7146302395396762,
    "speedup": 0.5809736836527476,
    "plddt_delta_pp": -0.23500985569424593,
    "passes_quality_gate": true,
    "per_complex": {
      "small_complex": {
        "wall_times": [
          101.97760031099999,
          99.545480072,
          36.49769546500001
        ],
        "predict_times": [
          4.668498305,
          4.408364937000002,
          4.390123868999979
        ],
        "mean_wall_time": 79.34025861599999,
        "mean_predict_time": 4.48899570366666,
        "plddts": [
          0.8590239882469177,
          0.841099202632904,
          0.8534725904464722
        ],
        "mean_plddt": 0.8511985937754313,
        "mean_iptm": 0.7798190911610922
      },
      "medium_complex": {
        "wall_times": [
          114.039004794,
          118.553493256,
          59.31406776900002
        ],
        "predict_times": [
          13.145433463000003,
          14.812255577000002,
          14.537987950000002
        ],
        "mean_wall_time": 97.30218860633333,
        "mean_predict_time": 14.165225663333336,
        "plddts": [
          0.49041667580604553,
          0.47998514771461487,
          0.4790031909942627
        ],
        "mean_plddt": 0.4831350048383077,
        "mean_iptm": 0.19870985050996146
      },
      "large_complex": {
        "wall_times": [
          135.469953634,
          82.33040060300002,
          82.085804179
        ],
        "predict_times": [
          26.516843284000004,
          26.229436805000006,
          26.820170492000017
        ],
        "mean_wall_time": 99.96205280533333,
        "mean_predict_time": 26.522150193666675,
        "plddts": [
          0.8103491067886353,
          0.8095734119415283,
          0.8087488412857056
        ],
        "mean_plddt": 0.8095571200052897,
        "mean_iptm": 0.12123410900433858
      }
    }
  }
}